id,titulo,status
1,teste01,status01
2,teste02,status02
3,teste03,status03
4,teste04,status04
5,teste05,status05
6,teste06,status06
7,teste07,status07
8,teste08,status08
9,teste09,status09
10,teste10,status10
11,teste11,status11
12,teste12,status12
13,teste13,status13
14,teste14,status14
15,teste15,status15
16,teste16,status16
17,teste17,status17
18,teste18,status18
19,teste19,status19
20,teste20,status20
21,teste21,status21
22,teste22,status22
23,teste23,status23
24,teste24,status24
25,teste25,status25
