,id,titulo,status
123,15453,CTVALEDOARAGUAIA.COM.BR - ALGUM ERRO OCORREU,CONCLUIDO
99,15493,PONTO40.COM.BR - SINCRONIZAÇÃO DE MENSALIDADES,CONCLUIDO
127,15445,CTC454.COM.BR - AJUSTAR ESTOQUE,CONCLUIDO
126,15447,REGIONALSULTRAP.COM.BR - VERIFICAR TRAVA DE EXIGIR CR NA DECLARAÇÃO DE HABI ...,CONCLUIDO
125,15450,CLIENTE NOVO - SHOPGUNSMOC.COM.BR,CONCLUIDO
124,15452,WIN CLUBE - LOJA - ARMAS - FALTANDO INFORMAÇÕES CADASTRAIS,CONCLUIDO
117,15462,FGTP.COM.BR - EMAILS VOLTANDO,CONCLUIDO
114,15465,COMBATE TIRO E CAÇA - TROCA DE MODALIDADE,CONCLUIDO
111,15471,357 ARAPONGAS CLUBE ESCOLA DE TIRO LTDA - IMPORTAÇÃO DE PRODUTOS E AJUSTAR ...,CONCLUIDO
107,15478,SHOOTINGSCORE- REFATORAÇÃO,CONCLUIDO
106,15481,ACANP.CLUB - ALTERAR TÍTULOS EM MASSA,CONCLUIDO
104,15487,SPED FISCAL - FRONTEND - LISTAGEM ARQUIVOS SPED E ADICIONAR,CONCLUIDO
103,15488,SPED FISCAL - BACKEND - LISTAGEM ARQUIVOS SPED E ADICIONAR,CONCLUIDO
102,15489,SPED FISCAL - BACKEND + FRONTEND - CONTADOR,CONCLUIDO
101,15491,COLT 45 BARRA - MENSALIDADE/ANUIDADE PAGA EM VERMELHO,CONCLUIDO
93,15501,ARTP.COM.BR - LIBERAR DECLARAÇÕES EM MASSA,CONCLUIDO
65,15567,TIROCARIOCA.COM.BR - FAZER AJUSTE NA DATA DE MOVIMENTAÇÃO DO ESTOQUE,CONCLUIDO
91,15504,CLIENTE NOVO - IMPERIOCLUBEDETIRO.COM.BR,CONCLUIDO
90,15505,FGTP.COM.BR - CADASTROS COM A DOCUMENTAÇÃO ENTREGUE CONTINUAM NA LISTA DE D ...,CONCLUIDO
88,15517,ROSSETTOCLUBEDETIRO.COM.BR - ERRO AO GERAR DECLARAÇÃO,CONCLUIDO
87,15520,LOJA2.MERKAVA.COM.BR - SEM ACESSO AO SISTEMA LOJA,CONCLUIDO
85,15528,BELLATORES.COM.BR - IMPORTAR PLANILHA DE ATIRADORES E DE HABITUALIDADES,CONCLUIDO
84,15530,CBTP - PISTAS ONLINE - CADASTRAR PISTAS DESAFIO DO AÇO,CONCLUIDO
78,15540,CBTP - AJUSTE BANDEIRINHAS DO ATLETA,CONCLUIDO
76,15545,ELITE CLUBE - ALTERAÇÃO DOMINIO NA HOSPEDAGEM,CONCLUIDO
73,15552,CLUBEDETIROGLADIUSBLADE.COM.BR - SH CHAT DESCONECTA DO QR CODE VARIAS VEZES ...,CONCLUIDO
72,15554,CCCT.COM.BR - DESFILIAR ATLETAS QUE ESTÃO INATIVOS,CONCLUIDO
71,15556,CLUBEDETIROPINHEIRO.COM.BR - APAGAR MENSALIDADES DUPLICADAS,CONCLUIDO
69,15559,CLIENTE NOVO - CBTT.ORG.BR,CONCLUIDO
68,15561,LOJA.RECIFEPISTOL.COM.BR - PEDIDO NÃO APARECE EM DEVOLUÇÃO,CONCLUIDO
128,15444,MERCEARIA TROPICAL - CONFIGURAÇÃO TRIBUTOS PRODUTOS NF BUGOU?,CONCLUIDO
129,15442,FREEDOMFIREARMS.COM.BR - ENTRADA INTEGRAÇÃO XML DUPLICOU EM RELATÓRIOS PCE,CONCLUIDO
130,15440,FMGTE.ORG.BR - ERRO AO GERAR COBRANÇAS PARA CLUBES,CONCLUIDO
133,15435,CLUBEDETIROCAVEIRA.COM.BR - ERRO AO GERAR DOCUMENTO,CONCLUIDO
241,11008,RELATÓRIO NOTAS FISCAIS NO SISTEMA - ARMAZENAR XML NO NOSSO SERVIDOR,CONCLUIDO
237,12877,ROS CAMPEONATO ONLINE,CONCLUIDO
231,14155,TX TIRO - ERRO FILTRO RELATORIO DE VENDAS,CONCLUIDO
220,14676,CTDIOFICIAL.COM.BR - SERVIDOR DE EMAIL COM DELAY,CONCLUIDO
219,14697,FEDERAISCLUBEDETIRO.COM.BR - ADICIONAR VARIÁVEL QUE PUXE A DATA DE INICIO D ...,CONCLUIDO
215,14792,CTHILBERT.COM.BR - IMPORTAÇÃO DE PLANILHA DE ASSOCIADOS,CONCLUIDO
214,14808,FGTP.COM.BR - CLIENTE ESTOUROU A COTA DE EMAILS,CONCLUIDO
209,14891,CBTE - RANKING DESEMPENHO,CONCLUIDO
195,15098,CLUBEDETIRODEARAUCARIA.COM.BR - BUG NO NÍVEL DE USUÁRIO,CONCLUIDO
193,15175,CCTPMG.COM.BR - AO GERAR TEMPLATE WORD A MARCA D'AGUA FICA MUITO FORTE,CONCLUIDO
192,15191,CLUBEDETIROBRASIL.COM.BR - IMPORTAÇÃO PLANILHA ASSOCIADOS,CONCLUIDO
186,15241,RUVACLUBEDECAMPO.COM.BR - IMPORTAÇÃO PLANILHA HABITUALIDADE,CONCLUIDO
185,15256,357 ARAPONGAS CLUBE ESCOLA DE TIRO LTDA - IMPORTAÇÃO DE PRODUTOS,CONCLUIDO
182,15291,FMGTE.ORG.BR - CRIAR ABA DIRETOR TRAP EM DIRETORIA DO CLUBE,CONCLUIDO
180,15302,TECHNOS ESCOLA - SH CHAT - CHAMADOS ABERTO EM DUPLICIDADE,CONCLUIDO
178,15316,AGUALIMPA.ORG.BR - CRIAR HOMOLOGAÇÃO BOLETOS SICREDI REMESSA E RETORNO,CONCLUIDO
173,15339,ENTRADA XML - MELHORIAS PARA UTILIZAR NO SPED,CONCLUIDO
172,15345,CCTSP.COM.BR - DELETAR TODOS OS CADASTROS DE CONVIDADOS,CONCLUIDO
171,15348,CTMONTECASTELO.COM.BR - ERRO AO BUSCAR ATLETAS PELO ATALHO NA HOME DO SIST ...,CONCLUIDO
162,15389,CCTSP.COM.BR - ERRO AO CADASTRAR NOVOS CONVIDADOS,CONCLUIDO
159,15397,CTMONTECASTELO.COM.BR - BUSCAR ATLETA,CONCLUIDO
155,15403,DEFENDER.ESP.BR - ERRO NOS NIVEIS DE USUARIO.,CONCLUIDO
146,15413,/INDAIATUBASHOOTINGCLUB.COM.BR - ERRO AO EDITAR NÍVEL DE USUÁRIO,CONCLUIDO
144,15416,FMGTE.ORG.BR - DELETAR MENSALIDADE EM MASSA GERADO ERRADO,CONCLUIDO
142,15418,CLIENTE NOVO - LOJA.CLUBEDECACAETIROBG.COM.BR,CONCLUIDO
140,15423,IMPORTAÇÃO DE NOTA - DESCONHECIMENTO DE NOTA,CONCLUIDO
137,15427,CLUBEDETIROCAVEIRA.COM.BR - MENU DOCUMENTOS,CONCLUIDO
66,15564,CLUBET34 - ALTERAÇÃO DOMINIO NA HOSPEDAGEM,CONCLUIDO
246,8332 ,JUI.CTKCLUBEDETIRO.COM.BR - NOTIFICAÇÃO DA LOJA,CONCLUIDO
24,15645,LEDERPINHEIRO.COM - ERRO AO GERAR DOCUMENTO (ACESSO NEGADO),CONCLUIDO
56,15587,SHOOTINGSCORE - CORREÇÕES E NOMENCLATURAS,CONCLUIDO
35,15620,SHOOTINGSCORE - ALTERAÇÃO DO PIN MASTER,CONCLUIDO
34,15622,ORANCHOCLUBEDETIRO.COM.BR - TROCAR STATUS DE ARMA,CONCLUIDO
50,15595,CLIENTE NOVO - ACTCLUBEDETIRO.COM.BR,CONCLUIDO
33,15629,CLIENTE NOVO - CLUBEHIPERTATICO.COM.BR,CONCLUIDO
47,15600,CLIENTE NOVO - CTTCLUBEDETIROTOCANTINS.COM.BR,CONCLUIDO
53,15591,FGTP - COMANDO #NP# NÃO ESTÁ QUEBRANDO/PULANDO PAGINA,CONCLUIDO
54,15590,SHOOTINGSCORE - INICIADO EDIÇÃO DE PINCODE DO MASTER,CONCLUIDO
55,15588,"ATDPA - PROBLE ""LOGIN INCORRECT""",CONCLUIDO
36,15619,SHOOTINGSCORE - REFATORAÇÂO,CONCLUIDO
57,15586,SHOOTINGSCORE - ESTUDO ANIMAÇÕES COM RIVE + REFATORAÇÃO DAS TELAS DE LOGIN,CONCLUIDO
62,15573,IMPERIOCLUBEDETIRO.COM.BR - IMPORTAÇÃO PLANILHA DE CONVIDADOS,CONCLUIDO
58,15582,ATDPA1911CLUBEDETIRO.COM.BR - ERRO AO ADICIONAR LOGO NO SISTEMA,CONCLUIDO
60,15577,CLIENTE NOVO - CAHAN.COM.BR,CONCLUIDO
198,15022,SOLEDADE.CTKCLUBEDETIRO.COM.BR - CRIAR PAGINA DE LINKS,AGUARDANDO SPRINT
199,14999,CORRIGIR README DOS PROJETOS DA SHOOTINGHOUSE,AGUARDANDO SPRINT
202,14932,KEEPERSCLUBEDETIRO.COM.BR - REINSTALAR PIXEL,AGUARDANDO SPRINT
201,14949,CLUBEDETIROHAWKS.COM.BR - NOFICIAÇÕES SO APARECE SE USUARIO FOR MASTER,AGUARDANDO SPRINT
200,14994,CTRV.COM.BR - ADICIONAR NOME E ENDEREÇO AO COMPROVANTE DE INSCRIÇÃO,AGUARDANDO SPRINT
188,15208,LANDING PAGES - PASSOFUNDO.CTKCLUBEDETIRO.COM.BR/LINKS,AGUARDANDO SPRINT
189,15206,LOJA.RECIFEPISTOL.COM.BR - SITE WP NÃO FUNCIONOU,AGUARDANDO SPRINT
197,15032,"CBTE.ORG.BR - DISPONIBILIZAR O CAMPO ""FEDERAÇAO"" PARA AS CARTEIRINHAS",AGUARDANDO SPRINT
191,15192,IJUI.CTKCLUBEDETIRO.COM.BR / CTK CLUBE DE TIRO LAJEADO - LANDING PAGES,AGUARDANDO SPRINT
12,15665,SPED FISCAL - MENU XML AVULSO,AGUARDANDO SPRINT
11,15666,SPED FISCAL - XML? CONTAS ENERGIA/TELEFONE/INTERNET/CT-E (VERIFICAR),AGUARDANDO SPRINT
194,15155,SHCHAT - VOLTAR IGUAL ANTES TINHA DE PERGUNTAR O DOMINIO QUE USUARIO ESTA V ...,AGUARDANDO SPRINT
187,15226,LIGA NACIONAL - DIVERGENCIA DE VALIDAÇÕES NA ATTA,AGUARDANDO SPRINT
196,15043,"CTK SANTA CRUZ - PAGAMENTO LOJA ANUIDADE, NO FINANCEIRO NO FILIADO PUXAR O ...",AGUARDANDO SPRINT
14,15663,SPED FISCAL - DISPOSIÇÃO DAS PÁGINAS NO MENU,AGUARDANDO SPRINT
13,15664,SPED FISCAL - LICENÇAS WEBMASTER,AGUARDANDO SPRINT
204,14913,CBTE - LANCAMENTO AGRUPADO RESULTADO - CLUBE - REINSCRICAO NA MESMA ÁREA,AGUARDANDO SPRINT
183,15263,INDAIATUBA - ERRO DESTAQUES TEMPLATES,AGUARDANDO SPRINT
181,15295,CLUBE CAXIENSE - ERRO NO TITULO COM CPF'S QUE NÃO EXISTEM NO SISTEMA,AGUARDANDO SPRINT
16,15661,CBCT.ORG.BR - ERRO AO SELECIONAR CLUBES QUE SEDIARÃO,AGUARDANDO SPRINT
177,15320,COMPETICOES - DESEMPATE DEFAULT TRAP AMERICANO,AGUARDANDO SPRINT
174,15337,FMGTE - NOVA CAMPANHA DE EMAIL (DECLARACAO FILIACAO CLUBE),AGUARDANDO SPRINT
19,15654,"CBTP - PROVAS SEPARADAS ""RIFLE"" DE ""MINI RIFLE E SHOTGUN""",AGUARDANDO SPRINT
170,15351,CORTESIMPORTS - AC THIAGO - ALTERAÇÃO SITE,AGUARDANDO SPRINT
168,15367,CLUBEDETIROAZEVEDO.COM.BR - ATALHO ANUIDADES A VENCER,AGUARDANDO SPRINT
165,15380,FARIAGUNS.COM.BR - CLIENTE SOLICITOU A POSSIBILIDADE DE CRIAR FILTROS NO ...,AGUARDANDO SPRINT
21,15650,CLUBEDETIROITAJAI.COM.BR - ERRO AO SALVAR CAMPANHA DE E-MAIL DE ANIVERSÁRIO,AGUARDANDO SPRINT
22,15649,CTKCLUBEDETIRO.COM.BR - NCM NO RALATORIOS PRODUTOS,AGUARDANDO SPRINT
64,15570,CBTE - AC THIAGO - CRIAR NOVO BOTÃO NA HOMEPAGE,AGUARDANDO SPRINT
203,14926,CBTE - CRIAR BOTÃO IMPRESSAO NO RANKING QUALIDADE,AGUARDANDO SPRINT
63,15571,"AQUILA - FILTRO CADASTRAL ""MENSALIDADE DE E ATÉ"" NÃO FUNCIONA",AGUARDANDO SPRINT
205,14912,CBTE - OPÇÃO PARA LANCAR RESULTADOS DE REINSCRICAO NA MESMA TELA,AGUARDANDO SPRINT
235,13626,UBERABA.FALCONCNT.COM.BR - CAMPO PARA PESQUISA DE ESTOQUE NO MOMENTO DA VEN ...,AGUARDANDO SPRINT
228,14413,BOTAO DE PANICO - ENVIAR LOGO SE O ATIRADOR TIVER,AGUARDANDO SPRINT
229,14161,TX TIRO - HISTORICO MOVIMENTACOES PRODUTO - FILTRO NF,AGUARDANDO SPRINT
230,14157,PONTO 40 - USUARIO ADM - CONFIG. DE DEPOSITOS PARA NIVEL DE ACESSO,AGUARDANDO SPRINT
232,14075,SHCHAT - NOVO DASHBOARD,AGUARDANDO SPRINT
233,14067,FCTP - NOME DAS EQUIPES NÃO APARECEM NO RANKING DO SITE,AGUARDANDO SPRINT
234,14051,SHOOTING HOUSE - INICIALIZAÇÃO DO SISTEMA,AGUARDANDO SPRINT
238,11955,CRM - NOVOS RELATORIOS,AGUARDANDO SPRINT
206,14911,"CBTE - ATALHO ""REINSCRIÇÃO"" NA TELA DE LANÇAMENTO DE RESULTADOS",AGUARDANDO SPRINT
239,11945,CURSOS.SKSIS.COM.BR - MELHORIA NO EXTRATO DOS CARTÕES,AGUARDANDO SPRINT
240,11590,357 - NOVA FUNÇÃO - ORDENS DE COMPRA,AGUARDANDO SPRINT
242,9917 ,TTIROCERTO.COM.BR - AVISO DE CONTAS A PAGAR RECORRENTES,AGUARDANDO SPRINT
243,9498 ,ISTEMA CLIENTE NOVO - REFORMULAÇÃO NO ATENDIMENTO INTEGRADO AO SISTEMA,AGUARDANDO SPRINT
244,8878 ,TTF - SHOOTING SCORE - PROGRAMAR MODALIDADE 3GUN,AGUARDANDO SPRINT
245,8472 ,HOOTINGSCORE - TIFF DE AREA,AGUARDANDO SPRINT
227,14477,CONFEDERACIONSUDAMERICANADETIRO.COM - TRADUÇÃO PARA ESPANHOL,AGUARDANDO SPRINT
226,14496,FALCON ARMAS - TABELA DE PRECOS - NOVOS FILTROS E AÇÃO EM MASSA,AGUARDANDO SPRINT
225,14553,FCTP - THIAGO - BACKUP GALERIA DE FOTOS ANTIGA,AGUARDANDO SPRINT
223,14640,SITE SHOOTING HOUSE - BANNER/SLIDER NÃO ESTÁ APARECENDO,AGUARDANDO SPRINT
222,14644,AMERICANSHOOTINGCLUB.COM.BR - ATALHO BUSCAR ATLETA COM PROBLEMA,AGUARDANDO SPRINT
5,15685,CLUBETIRORAPIDO.COM.BR - EMITIR NOTA FICA SOMENTE TELA DE LOADING,AGUARDANDO SPRINT
6,15684,CBTE.ORG.BR - DECLARAÇÃO MODALIDADE E PROVA VIA ACESSO ATIRADOR,AGUARDANDO SPRINT
218,14721,ESTANCIASERRADASARARAS.COM.BR - LIBERAR EDIÇÃO DE PÁGINA/ CRIAR BOTÃO DE AC ...,AGUARDANDO SPRINT
217,14725,CHEGAR E COMMITAR SH-FRONT,AGUARDANDO SPRINT
216,14774,GARRUCHA - PLANO CONTA MOSTRAR O VALOR LIQUIDO E BRUTO,AGUARDANDO SPRINT
213,14817,"CLUBEDETIROAL.COM.BR - ALTERAR POSIÇÃO DO BOTÃO ""ACESSIBILIDADE""",AGUARDANDO SPRINT
212,14826,FATP - ETAPAS OBRIGATORIAS AJUSTE,AGUARDANDO SPRINT
211,14827,FATP - DESCARTE DE ETAPA PESO 2 - AJUSTE,AGUARDANDO SPRINT
210,14844,CCTVA.COM.BR - SITE APARECE BUGADO E NÃO É POSSÍVEL LOGAR NO PAINEL,AGUARDANDO SPRINT
25,15643,LAJEADO.CTKCLUBEDETIRO.COM.BR- CADASTRO DE ATIRADOR REPETINDO VÁRIAS VEZES,AGUARDANDO SPRINT
208,14906,CBTE - SITE - RANKING - ADICIONAR ICONES/COLUNAS QUALIDADE E DESEMPENHO,AGUARDANDO SPRINT
207,14907,CBTE - SITE - RECRIAR ÁREA DISCIPLINAS IGUAL SITE ANTIGO,AGUARDANDO SPRINT
9,15678,CLUBE.PONTO40CLUBE.COM.BR - ACESSO A SECRETARIA SEM TER PERMISSÃO,AGUARDANDO SPRINT
0,15692,CLUBE.PONTO40CLUBE.COM.BR - NIVEIS DE USUARIOS COM PROBLEMA,AGUARDANDO SPRINT
143,15417,LOJA2.TIRORAPIDO.COM.BR - AJUSTAR ERRO EXPORTAÇÃO RELÁTORIO MAPA DE ESTOQUE,AGUARDANDO SPRINT
86,15522,FUNÇÃO CANCELAR PEDIDO,AGUARDANDO SPRINT
48,15598,CORTES IMPORTS - NOVA PAGINA CURSOS,AGUARDANDO SPRINT
39,15614,"ORDEM DE COMPRA - PÁGINA INICIAL, ADICIONAR E EDITAR",AGUARDANDO SPRINT
97,15496,CLUBEDETIRORIBEIRAOPRETO.COM.BR - AC THIAGO - BOTAO SITE NAO FUNCIONA,AGUARDANDO SPRINT
29,15636,CLUBEDETIROAZEVEDO.COM.BR - RECIBO NÃO ESTÁ IMPRIMINDO COM A DATA DE PAGAME ...,AGUARDANDO SPRINT
98,15494,API TAREFAS - NOVAS NOMENCLATURAS DE CATEGORIAS E PROJETOS,AGUARDANDO SPRINT
132,15438,TELA DE TAREFAS NO SHCHAT,AGUARDANDO SPRINT
46,15605,AGUALIMPA.ORG.BR - BOLETOS GERADOS(N É PAGHIPER) NÃO ESTÃO SAINDO QRCODE,AGUARDANDO SPRINT
30,15635,API SHOOTING SCORE - VER O PQ NÃO ESTA BAIXANDO OS DOCS,AGUARDANDO SPRINT
32,15630,CTGPRR.COM.BR - ERRO AO CADASTRAR EM CURSO SEM VAGA,AGUARDANDO SPRINT
43,15610,AJUSTES NOVA TELA DE PAGAMENTO (TEF),AGUARDANDO SPRINT
121,15455,TUTORIAL PARA GERAR BOLETOS SICOOB,AGUARDANDO SPRINT
105,15484,API TAREFAS - FETCH PAIRS PARA CLUBE E TABELA DE RELACIONAMENTO TASK_HAS_CL ...,AGUARDANDO SPRINT
118,15458,REUNIÃO SEMANAL,AGUARDANDO SPRINT
108,15476,CACCIF.COM.BR ENVIAR LINK DOS BOLETOS VIA WHATSAPP EM MASSA,AGUARDANDO SPRINT
110,15472,API TAREFA - CORREÇÕES E NOVAS FUNÇÕES,AGUARDANDO SPRINT
38,15616,INDAIATUBASHOOTINGCLUB.COM.BR - CLUBE E LOJA COM NÍVEIS DE ACESSOS QUE NÃO ...,AGUARDANDO SPRINT
113,15469,TIRO RAPIDO - SUGESTÃO DE TROCA DE NOMENCLATURA EM ORDEM DE SERVIÇO,AGUARDANDO SPRINT
28,15637,CLUBEDETIROAGUIA.COM.BR - HÁ UM ERRO CRÍTICO NO SEU SITE,AGUARDANDO SPRINT
112,15470,SISTEMA SH - RETIRAR CAMPO OBSOLETO ''INTEGRAÇÃO CALENDÁRIO'' DA ETAPA,AGUARDANDO SPRINT
26,15641,CAXIASDOSUL.CTKCLUBEDETIRO.COM.BR - RELATÓRIO DE NOTA COM VALOR DIVERGENTE,AGUARDANDO SPRINT
61,15576,CLUBEORION.COM.BR - VARIÁVEIS DO TEMPLATE WORD SEM FUNCIONAR,AGUARDANDO SPRINT
67,15562,MELHORIAS NA LISTAGEM DE TAREFAS NO SHCHAT,AGUARDANDO SPRINT
83,15531,CTEP.COM.BR - ACESSO CLUBE DE FEDERAÇÃO,AGUARDANDO SPRINT
59,15578,CBTE - LANCAMENTO DE SEMI FINAL E FINAL,AGUARDANDO SPRINT
70,15558,ORDEM DE COMPRAS - CRUDS,AGUARDANDO SPRINT
75,15547,ORDEM DE COMPRA - MIGRATIONS E SEEDS,AGUARDANDO SPRINT
82,15532,CCTSP - AJUSTAR URLS INTERNAS DO SITE,AGUARDANDO SPRINT
79,15539,API TAREFAS - FETCH PAIRS PARA CATEGORIAS,AGUARDANDO SPRINT
236,13095,TEF - INTEGRAÇÃO BANCO K8,AGUARDANDO DEPLOY
51,15594,TIROBRASIL.COM.BR - ADICIONAR DECLARAÇÂO DE COMPETIÇÃO CLUBE/ETAPA,AGUARDANDO CONCLUSÃO
74,15548,"COLT 45 - LARANJEIRAS - AO FILTRAR ATIRADORES EM ATRASO, ELES FICAM NA COR ...",AGUARDANDO CONCLUSÃO
44,15608,GREGOCTT.COM.BR - QR CODE NÃO APARECE NA HORA DA IMPRESSÃO,AGUARDANDO CONCLUSÃO
41,15612,CBTE - GERAR ACERTO DE ANUIDADES ATRASADAS FEDERAÇÕES,AGUARDANDO CONCLUSÃO
42,15611,CBTE - GERAR ANUIDADES EM MASSA PARA TODAS FEDERAÇÕES,AGUARDANDO CONCLUSÃO
2,15689,CANCELAMENTO SISTEMA WEB MASTER,AGUARDANDO CONCLUSÃO
45,15606,FREEDOMFIREARMS.COM.BR - MAPA DE ESTOQUE DE MUNIÇÕES/INSUMOS,AGUARDANDO CONCLUSÃO
40,15613,RUVACLUBEDECAMPO.COM.BR - CONVERTER ESSES FILIADOS EM CONVIDADOS (PLANILHA ...,AGUARDANDO CONCLUSÃO
109,15475,CANCELAR CADASTRO NO WEB MASTER,AGUARDANDO CONCLUSÃO
77,15544,CLUBEDETIROATIBAIA.COM.BR - ERROR 550 NO EMAIL,AGUARDANDO CONCLUSÃO
3,15687,"CLUBEDETIROBRASIL.COM.BR - SCRIPT TODOS FILIADOS COM TITULO ""BRONZE""",AGUARDANDO CONCLUSÃO
100,15492,CANCELAR CADASTRO NO WEB MASTER,AGUARDANDO CONCLUSÃO
89,15510,CLUBEDETIROPIUMA.COM.BR - ERRO AO ACESSAR OS RELATÓRIOS PCE,AGUARDANDO CONCLUSÃO
8,15679,REGIONAL CBC - CLUBE ATIVADO NÃO CONSEGUE ACESSAR,AGUARDANDO CONCLUSÃO
7,15681,CLUBEDETIROBRASIL.COM.BR - NOVAMENTE AJUSTE NA IMPORTAÇÃO,AGUARDANDO CONCLUSÃO
80,15538,CLUBECTA.COM.BR - NOTIFICAÇÃO DO ATALHO DECLARAÇÕES PENDENTES,AGUARDANDO CONCLUSÃO
81,15535,CANCELAR CLIENTE - PATRIOTS CLUB,AGUARDANDO CONCLUSÃO
96,15497,CANCELAR CLIENTE - FELICIANO INSTRUTOR DE ARMAMENTO E TIRO,AGUARDANDO CONCLUSÃO
95,15499,CANCELAR CADASTRO WEB MASTER,AGUARDANDO CONCLUSÃO
94,15500,CANCELAMENTO WEB MASTER,AGUARDANDO CONCLUSÃO
4,15686,CLIENTE NOVO - UAIBULLETS.COM.BR,AGUARDANDO CONCLUSÃO
92,15502,CTMONTECASTELO.COM.BR - VARIAVEL DATA DE FILIAÇÃO,AGUARDANDO CONCLUSÃO
224,14555,HAWKS SC - GERAR HABITUALIDADE COM VENDA DE MUNIÇÕES ANTIGAS,AGUARDANDO CONCLUSÃO
52,15592,CBTP - ACONTECENDO DE ATIRADORES VIREM DUPLICADO,AGUARDANDO CONCLUSÃO
49,15596,CTHILBERT.COM.BR - IMPORTAÇÃO DE PLANILHA DE ASSOCIADOS ATUALIZADA,AGUARDANDO CONCLUSÃO
221,14648,SISTEMA.CTCIMINOS.COM.BR - PROBLEMA NA IMPORTAÇÃO DE HABITUALIDADE,AGUARDANDO CONCLUSÃO
10,15676,FGTP.COM.BR - ERRO AO ENVIAR EMAIL PERSONALIZADO,AGUARDANDO CONCLUSÃO
115,15464,LOJA2.TIRORAPIDO.COM.BR - RELATÓRIO SAÍDA DE ARMAS COMPRADOR CNPJ,AGUARDANDO CONCLUSÃO
167,15377,ALVO DUPLO - EMAIL NÃO ESTÁ FUNCIONANDO,AGUARDANDO CONCLUSÃO
138,15426,CANCELAMENTO CADASTRO WEB MASTER,AGUARDANDO CONCLUSÃO
164,15381,CANCELAR CADASTRO WEB MASTER,AGUARDANDO CONCLUSÃO
163,15386,CANCELAMENTO CLIENTE - FRANCO ATIRADOR LTDA,AGUARDANDO CONCLUSÃO
139,15425,CANCELAMENTO CADASTRO WEB MASTER,AGUARDANDO CONCLUSÃO
161,15390,CLUBE3.CLUBECOLT45.COM.BR - IMPORTAR 3 DECLARAÇÕES PARA A BASE - CLUBECOLT4 ...,AGUARDANDO CONCLUSÃO
160,15396,357CLUBEMARINGA.COM.BR - LOG - HISTORICO DE NUMERAÇÃO DE NOTA FISCAL,AGUARDANDO CONCLUSÃO
27,15640,GARRUCHA - REDIRECIONAMENTO DE SITE,AGUARDANDO CONCLUSÃO
158,15400,CANCELAR CADASTRO WEB MASTER,AGUARDANDO CONCLUSÃO
157,15401,CANCELAR CADASTRO WEB MASTER,AGUARDANDO CONCLUSÃO
156,15402,CANCELAMENTO CLIENTE - FAL ARMAS LTDA,AGUARDANDO CONCLUSÃO
141,15420,CANCELAMENTO CADASTRO WEB MASTER,AGUARDANDO CONCLUSÃO
154,15404,CANCELAR CADASTRO NO WEB MASTER,AGUARDANDO CONCLUSÃO
153,15406,CANCELAR CADASTRO WEB MASTER,AGUARDANDO CONCLUSÃO
152,15407,CANCELAR CADASTRO WEB MASTER,AGUARDANDO CONCLUSÃO
151,15408,CANCELAR CADASTRO WEB MASTER,AGUARDANDO CONCLUSÃO
150,15409,CANCELAR CADASTRO NO WEB MASTER,AGUARDANDO CONCLUSÃO
149,15410,CANCELAR CADASTRO WEB MASTER,AGUARDANDO CONCLUSÃO
148,15411,AMERICAN SHOOTING - PELO APP DO ATIRADOR NÃO É POSSIVEL ABRIR AS DECLARAÇÕE ...,AGUARDANDO CONCLUSÃO
147,15412,CANCELAMENTO WEB MASTER,AGUARDANDO CONCLUSÃO
166,15379,CANCELAR CADASTRO NO WEB MASTER,AGUARDANDO CONCLUSÃO
169,15365,CANCELAR CADASTRO WEB MASTER.,AGUARDANDO CONCLUSÃO
116,15463,BACKUP CLIENTE - CLUBE DE TIRO DRAGAO DAS AGUAS,AGUARDANDO CONCLUSÃO
136,15428,CANCELAR CADASTRO WEB MASTER,AGUARDANDO CONCLUSÃO
145,15414,CANCELAMENTO CADASTRO WEB MASTER,AGUARDANDO CONCLUSÃO
37,15617,AMERICANSHOOTINGCLUB.COM.BR - RELATÓRIO DE ACESSO ADMINISTRATIVO,AGUARDANDO CONCLUSÃO
119,15457,CANCELAR CADASTRO NO WEB MASTER,AGUARDANDO CONCLUSÃO
120,15456,AMERICAN SHOOTING - ERRO AO BAIXAR CONTAS A PAGAR,AGUARDANDO CONCLUSÃO
190,15204,ARTP.COM.BR - PAGINA NAO ENCONTRADA EM DOCUMENTO ANEXADO,AGUARDANDO CONCLUSÃO
122,15454,CANCELAR CADASTRO NO WEB MASTER,AGUARDANDO CONCLUSÃO
1,15690,CLIENTE NOVO - CASTELOCLUBEDETIRO.COM.BR,AGUARDANDO CONCLUSÃO
31,15632,CCTPMG.COM.BR - EXTRATO DOS CARTOES ESTA MANDANDO ENTRADAS DELETADAS PARA O ...,AGUARDANDO CONCLUSÃO
184,15258,THE BULLETS - CADASTROS NAO BATEM OS NUMEROS,AGUARDANDO CONCLUSÃO
15,15662,CANCELAR CADASTRO WEB MASTER,AGUARDANDO CONCLUSÃO
131,15439,CANCELAR CADASTRO WEB MASTER,AGUARDANDO CONCLUSÃO
179,15314,CTHILBERT.COM.BR - IMPORTAÇÃO PLANILHAS - HABITUALIDADES E ASSOCIADOS,AGUARDANDO CONCLUSÃO
17,15658,CLIENTE NOVO - ALINECRCONSULTORIA.COM.BR,AGUARDANDO CONCLUSÃO
176,15326,HTTPS://CLUBEDETIROAGUIA.COM.BR/ - LOJA - PRODUTOS CONTROLADOS - RELATORIOS ...,AGUARDANDO CONCLUSÃO
175,15328,TOP SECRET - MAPA DE ESTOQUE COM VALOR ERRADO,AGUARDANDO CONCLUSÃO
134,15431,CANCELAR CADASTRO WEB MASTER,AGUARDANDO CONCLUSÃO
18,15655,CACTO CLUBE - BUG ENVIO DE EMAILS EM MASSA,AGUARDANDO CONCLUSÃO
135,15430,CANCELAR CADASTRO NO WEB MASTER,AGUARDANDO CONCLUSÃO
20,15651,CAXIASDOSUL.CTKCLUBEDETIRO.COM.BR - ZERAR PRODUTO DEPOSITO,AGUARDANDO CONCLUSÃO
23,15646,CASALISBOAARMAS.COM.BR - MUDAR TIPO PRODUTO,AGUARDANDO CONCLUSÃO
